Workbook

Sheet Settings
A1: On-time target (%) | B1: 90
A2: Amber band (points below target) | B2: 10
A4: Change B1 or B2 and the Status column on every sheet updates.

Sheet Shipping Mode
A1: Shipping Mode | B1: Orders | C1: Late orders | D1: On-time % | E1: Avg ship days | F1: Avg scheduled days | G1: Avg delay when late (days) | H1: Sales | I1: Profit | J1: Status
A2: First Class | B2: 9602 | C2: 9602 | D2: =ROUND(100*(1-C2/B2),1) | E2: 2 | F2: 1 | G2: 1 | H2: 5408068.6 | I2: 616596.73 | J2: =IF(D2>=Settings!$B$1,"GREEN",IF(D2>=Settings!$B$1-Settings!$B$2,"AMBER","RED"))
A3: Second Class | B3: 12256 | C3: 9803 | D3: =ROUND(100*(1-C3/B3),1) | E3: 4 | F3: 2 | G3: 2.5 | H3: 6860661.6 | I3: 722861.47 | J3: =IF(D3>=Settings!$B$1,"GREEN",IF(D3>=Settings!$B$1-Settings!$B$2,"AMBER","RED"))
A4: Same Day | B4: 3407 | C4: 1648 | D4: =ROUND(100*(1-C4/B4),1) | E4: 0.48 | F4: 0 | G4: 1 | H4: 1854872.2 | I4: 194182.13 | J4: =IF(D4>=Settings!$B$1,"GREEN",IF(D4>=Settings!$B$1-Settings!$B$2,"AMBER","RED"))
A5: Standard Class | B5: 37632 | C5: 14995 | D5: =ROUND(100*(1-C5/B5),1) | E5: 3.99 | F5: 4 | G5: 1.5 | H5: 21090827 | I5: 2272780.3 | J5: =IF(D5>=Settings!$B$1,"GREEN",IF(D5>=Settings!$B$1-Settings!$B$2,"AMBER","RED"))

Sheet Market
A1: Market | B1: Orders | C1: Late orders | D1: On-time % | E1: Avg ship days | F1: Avg scheduled days | G1: Avg delay when late (days) | H1: Sales | I1: Profit | J1: Status
A2: Pacific Asia | B2: 16853 | C2: 9720 | D2: =ROUND(100*(1-C2/B2),1) | E2: 3.51 | F2: 2.93 | G2: 1.62 | H2: 7942351.8 | I2: 826167.16 | J2: =IF(D2>=Settings!$B$1,"GREEN",IF(D2>=Settings!$B$1-Settings!$B$2,"AMBER","RED"))
A3: USCA | B3: 8178 | C3: 4704 | D3: =ROUND(100*(1-C3/B3),1) | E3: 3.5 | F3: 2.92 | G3: 1.62 | H3: 4836413.6 | I3: 539223.29 | J3: =IF(D3>=Settings!$B$1,"GREEN",IF(D3>=Settings!$B$1-Settings!$B$2,"AMBER","RED"))
A4: Europe | B4: 17763 | C4: 10199 | D4: =ROUND(100*(1-C4/B4),1) | E4: 3.5 | F4: 2.93 | G4: 1.62 | H4: 10405371 | I4: 1131937.9 | J4: =IF(D4>=Settings!$B$1,"GREEN",IF(D4>=Settings!$B$1-Settings!$B$2,"AMBER","RED"))
A5: LATAM | B5: 16414 | C5: 9339 | D5: =ROUND(100*(1-C5/B5),1) | E5: 3.5 | F5: 2.95 | G5: 1.62 | H5: 9824329.8 | I5: 1069050.8 | J5: =IF(D5>=Settings!$B$1,"GREEN",IF(D5>=Settings!$B$1-Settings!$B$2,"AMBER","RED"))
A6: Africa | B6: 3689 | C6: 2086 | D6: =ROUND(100*(1-C6/B6),1) | E6: 3.5 | F6: 2.95 | G6: 1.6 | H6: 2205963 | I6: 240041.48 | J6: =IF(D6>=Settings!$B$1,"GREEN",IF(D6>=Settings!$B$1-Settings!$B$2,"AMBER","RED"))

Sheet Region
A1: Region | B1: Orders | C1: Late orders | D1: On-time % | E1: Avg ship days | F1: Avg scheduled days | G1: Avg delay when late (days) | H1: Sales | I1: Profit | J1: Status
A2: Central Africa | B2: 533 | C2: 320 | D2: =ROUND(100*(1-C2/B2),1) | E2: 3.54 | F2: 2.92 | G2: 1.61 | H2: 315769.36 | I2: 32429.41 | J2: =IF(D2>=Settings!$B$1,"GREEN",IF(D2>=Settings!$B$1-Settings!$B$2,"AMBER","RED"))
A3: East Africa | B3: 589 | C3: 348 | D3: =ROUND(100*(1-C3/B3),1) | E3: 3.49 | F3: 2.9 | G3: 1.59 | H3: 363376.45 | I3: 41892.29 | J3: =IF(D3>=Settings!$B$1,"GREEN",IF(D3>=Settings!$B$1-Settings!$B$2,"AMBER","RED"))
A4: South of USA | B4: 1280 | C4: 753 | D4: =ROUND(100*(1-C4/B4),1) | E4: 3.51 | F4: 2.89 | G4: 1.65 | H4: 748217.15 | I4: 82371 | J4: =IF(D4>=Settings!$B$1,"GREEN",IF(D4>=Settings!$B$1-Settings!$B$2,"AMBER","RED"))
A5: West Asia | B5: 1935 | C5: 1132 | D5: =ROUND(100*(1-C5/B5),1) | E5: 3.49 | F5: 2.91 | G5: 1.6 | H5: 1122755.8 | I5: 115462.14 | J5: =IF(D5>=Settings!$B$1,"GREEN",IF(D5>=Settings!$B$1-Settings!$B$2,"AMBER","RED"))
A6: Western Europe | B6: 9563 | C6: 5585 | D6: =ROUND(100*(1-C6/B6),1) | E6: 3.52 | F6: 2.92 | G6: 1.63 | H6: 5628938.5 | I6: 607319.63 | J6: =IF(D6>=Settings!$B$1,"GREEN",IF(D6>=Settings!$B$1-Settings!$B$2,"AMBER","RED"))
A7: Eastern Europe | B7: 1246 | C7: 723 | D7: =ROUND(100*(1-C7/B7),1) | E7: 3.52 | F7: 2.93 | G7: 1.63 | H7: 747370.89 | I7: 76854.71 | J7: =IF(D7>=Settings!$B$1,"GREEN",IF(D7>=Settings!$B$1-Settings!$B$2,"AMBER","RED"))
A8: Southeast Asia | B8: 4173 | C8: 2421 | D8: =ROUND(100*(1-C8/B8),1) | E8: 3.53 | F8: 2.95 | G8: 1.62 | H8: 1850920.8 | I8: 202242.88 | J8: =IF(D8>=Settings!$B$1,"GREEN",IF(D8>=Settings!$B$1-Settings!$B$2,"AMBER","RED"))
A9: South Asia | B9: 3219 | C9: 1865 | D9: =ROUND(100*(1-C9/B9),1) | E9: 3.49 | F9: 2.9 | G9: 1.64 | H9: 1498811 | I9: 158754.74 | J9: =IF(D9>=Settings!$B$1,"GREEN",IF(D9>=Settings!$B$1-Settings!$B$2,"AMBER","RED"))
A10: US Center | B10: 1852 | C10: 1071 | D10: =ROUND(100*(1-C10/B10),1) | E10: 3.47 | F10: 2.89 | G10: 1.58 | H10: 1107813.8 | I10: 126356.86 | J10: =IF(D10>=Settings!$B$1,"GREEN",IF(D10>=Settings!$B$1-Settings!$B$2,"AMBER","RED"))
A11: East of USA | B11: 2219 | C11: 1276 | D11: =ROUND(100*(1-C11/B11),1) | E11: 3.51 | F11: 2.93 | G11: 1.61 | H11: 1313179.4 | I11: 148772.65 | J11: =IF(D11>=Settings!$B$1,"GREEN",IF(D11>=Settings!$B$1-Settings!$B$2,"AMBER","RED"))
A12: Eastern Asia | B12: 3171 | C12: 1818 | D12: =ROUND(100*(1-C12/B12),1) | E12: 3.53 | F12: 2.96 | G12: 1.63 | H12: 1428160.4 | I12: 141747.52 | J12: =IF(D12>=Settings!$B$1,"GREEN",IF(D12>=Settings!$B$1-Settings!$B$2,"AMBER","RED"))
A13: Central America | B13: 9001 | C13: 5156 | D13: =ROUND(100*(1-C13/B13),1) | E13: 3.51 | F13: 2.94 | G13: 1.61 | H13: 5432827.4 | I13: 586567.12 | J13: =IF(D13>=Settings!$B$1,"GREEN",IF(D13>=Settings!$B$1-Settings!$B$2,"AMBER","RED"))
... A24: Canada | B24: 291 | C24: 153 | D24: =ROUND(100*(1-C24/B24),1) | E24: 3.38 | F24: 2.95 | G24: 1.64 | H24: 176795.36 | I24: 22535.95 | J24: =IF(D24>=Settings!$B$1,"GREEN",IF(D24>=Settings!$B$1-Settings!$B$2,"AMBER","RED"))

Sheet Department
A1: Department | B1: Orders | C1: Late orders | D1: On-time % | E1: Avg ship days | F1: Avg scheduled days | G1: Avg delay when late (days) | H1: Sales | I1: Profit | J1: Status
A2: Pet Shop | B2: 472 | C2: 290 | D2: =ROUND(100*(1-C2/B2),1) | E2: 3.38 | F2: 2.68 | G2: 1.6 | H2: 39836.8 | I2: 3505.18 | J2: =IF(D2>=Settings!$B$1,"GREEN",IF(D2>=Settings!$B$1-Settings!$B$2,"AMBER","RED"))
A3: Fitness | B3: 1464 | C3: 868 | D3: =ROUND(100*(1-C3/B3),1) | E3: 3.54 | F3: 2.92 | G3: 1.64 | H3: 779236.97 | I3: 82508.84 | J3: =IF(D3>=Settings!$B$1,"GREEN",IF(D3>=Settings!$B$1-Settings!$B$2,"AMBER","RED"))
A4: Book Shop | B4: 391 | C4: 229 | D4: =ROUND(100*(1-C4/B4),1) | E4: 3.4 | F4: 2.84 | G4: 1.53 | H4: 12152.28 | I4: 854.44 | J4: =IF(D4>=Settings!$B$1,"GREEN",IF(D4>=Settings!$B$1-Settings!$B$2,"AMBER","RED"))
A5: Health and Beauty | B5: 346 | C5: 202 | D5: =ROUND(100*(1-C5/B5),1) | E5: 3.47 | F5: 2.95 | G5: 1.51 | H5: 101391.84 | I5: 9281.12 | J5: =IF(D5>=Settings!$B$1,"GREEN",IF(D5>=Settings!$B$1-Settings!$B$2,"AMBER","RED"))
A6: Apparel | B6: 20679 | C6: 11963 | D6: =ROUND(100*(1-C6/B6),1) | E6: 3.5 | F6: 2.9 | G6: 1.64 | H6: 11550729 | I6: 1224607.6 | J6: =IF(D6>=Settings!$B$1,"GREEN",IF(D6>=Settings!$B$1-Settings!$B$2,"AMBER","RED"))
A7: Technology | B7: 1396 | C7: 806 | D7: =ROUND(100*(1-C7/B7),1) | E7: 3.44 | F7: 2.86 | G7: 1.63 | H7: 994974.41 | I7: 111588.83 | J7: =IF(D7>=Settings!$B$1,"GREEN",IF(D7>=Settings!$B$1-Settings!$B$2,"AMBER","RED"))
A8: Footwear | B8: 4737 | C8: 2727 | D8: =ROUND(100*(1-C8/B8),1) | E8: 3.56 | F8: 2.99 | G8: 1.6 | H8: 3021365.5 | I8: 315443.27 | J8: =IF(D8>=Settings!$B$1,"GREEN",IF(D8>=Settings!$B$1-Settings!$B$2,"AMBER","RED"))
A9: Fan Shop | B9: 19483 | C9: 11156 | D9: =ROUND(100*(1-C9/B9),1) | E9: 3.48 | F9: 2.92 | G9: 1.6 | H9: 12359925 | I9: 1362319.1 | J9: =IF(D9>=Settings!$B$1,"GREEN",IF(D9>=Settings!$B$1-Settings!$B$2,"AMBER","RED"))
A10: Discs Shop | B10: 1943 | C10: 1103 | D10: =ROUND(100*(1-C10/B10),1) | E10: 3.57 | F10: 3.01 | G10: 1.62 | H10: 219069.74 | I10: 24144.8 | J10: =IF(D10>=Settings!$B$1,"GREEN",IF(D10>=Settings!$B$1-Settings!$B$2,"AMBER","RED"))
A11: Outdoors | B11: 3957 | C11: 2244 | D11: =ROUND(100*(1-C11/B11),1) | E11: 3.53 | F11: 2.98 | G11: 1.65 | H11: 2149156.4 | I11: 251422.89 | J11: =IF(D11>=Settings!$B$1,"GREEN",IF(D11>=Settings!$B$1-Settings!$B$2,"AMBER","RED"))
A12: Golf | B12: 8029 | C12: 4460 | D12: =ROUND(100*(1-C12/B12),1) | E12: 3.53 | F12: 3.02 | G12: 1.62 | H12: 3986591.8 | I12: 420744.51 | J12: =IF(D12>=Settings!$B$1,"GREEN",IF(D12>=Settings!$B$1-Settings!$B$2,"AMBER","RED"))

Sheet Customer Segment
A1: Customer Segment | B1: Orders | C1: Late orders | D1: On-time % | E1: Avg ship days | F1: Avg scheduled days | G1: Avg delay when late (days) | H1: Sales | I1: Profit | J1: Status
A2: Home Office | B2: 11266 | C2: 6505 | D2: =ROUND(100*(1-C2/B2),1) | E2: 3.51 | F2: 2.93 | G2: 1.62 | H2: 6238683.7 | I2: 665735.97 | J2: =IF(D2>=Settings!$B$1,"GREEN",IF(D2>=Settings!$B$1-Settings!$B$2,"AMBER","RED"))
A3: Consumer | B3: 32614 | C3: 18672 | D3: =ROUND(100*(1-C3/B3),1) | E3: 3.51 | F3: 2.94 | G3: 1.62 | H3: 18264367 | I3: 1982863.6 | J3: =IF(D3>=Settings!$B$1,"GREEN",IF(D3>=Settings!$B$1-Settings!$B$2,"AMBER","RED"))
A4: Corporate | B4: 19017 | C4: 10871 | D4: =ROUND(100*(1-C4/B4),1) | E4: 3.49 | F4: 2.93 | G4: 1.62 | H4: 10711379 | I4: 1157821 | J4: =IF(D4>=Settings!$B$1,"GREEN",IF(D4>=Settings!$B$1-Settings!$B$2,"AMBER","RED"))
